source_id,event_id,url,date_accessed,title,notes
1,TX-48236400-intervention-202306-tea-state-takeover,https://www.texastribune.org/2023/06/01/tea-houston-isd-takeover-superintendent/,,TEA names Mike Miles Houston ISD superintendent as state takeover begins,"Primary news coverage of TEA appointing Miles and formally beginning the takeover on June 1, 2023"
2,TX-48236400-intervention-202306-tea-state-takeover,https://www.texasmonthly.com/news-politics/houston-independent-school-district-state-takeover-mike-miles/,,Welcome to Houston's No-Longer-Independent School District,"In-depth feature on the takeover, its political context, and the community response"
3,TX-48236400-intervention-202306-tea-state-takeover,https://houstonlanding.org/timeline-the-long-bitter-road-to-the-tea-takeover-of-houston-isd/,,"Timeline: The long, bitter road to the TEA takeover of Houston ISD",Comprehensive timeline from the 2019 legal battle through the 2023 takeover
4,TX-48236400-bond-202411-44-billion-bond-rejected,https://www.houstonpublicmedia.org/articles/news/education-news/hisd/2024/11/05/504770/houston-isd-bond-rejected-in-large-margin-by-voters-an-unofficial-referendum-of-state-takeover/,,"Houston ISD bond rejected in large margin by voters, an unofficial referendum of state takeover",Detailed election-night reporting on the 58-42% rejection and its connection to the TEA takeover
5,TX-48236400-bond-202411-44-billion-bond-rejected,https://houstonlanding.org/election-2024-houston-isd-bond-trending-toward-defeat-early-results-show/,,"Election 2024: Houston ISD voters reject bond, delivering rebuke of state-appointed leadership","Analysis of the bipartisan 'No Trust, No Bond' opposition and its implications"
6,TX-48236400-bond-202411-44-billion-bond-rejected,https://thetexan.news/elections/2024/voters-resoundingly-reject-4-4-billion-bond-for-houston-independent-school-district/article_6bc690e2-9c7c-11ef-a13a-f737d99c70bb.html,,Voters Resoundingly Reject $4.4 Billion Bond for Houston Independent School District,Coverage of the largest school bond rejection in Texas history
7,TX-48162300-bond-202011-347-billion-bond-approved,https://www.dallasnews.com/news/education/2020/10/22/five-things-to-know-about-the-record-setting-2020-dallas-isd-bond-package/,,Five things to know about the record-setting 2020 Dallas ISD bond package,Pre-election explainer on the $3.47B bond across five propositions
8,TX-48162300-bond-202011-347-billion-bond-approved,https://www.cbsnews.com/texas/news/voters-decide-record-3-7b-bond-proposal-dallas-isd/,,Voters To Decide On Record $3.7B Dallas ISD Bond Proposal,Coverage of voters approving Props A and B while rejecting three other propositions
9,TX-48162300-bond-202011-347-billion-bond-approved,https://thehub.dallasisd.org/2025/10/22/the-2020-bond-transforming-learning-across-dallas-isd/,,The 2020 Bond: Transforming learning across Dallas ISD,"Retrospective on bond outcomes: 253 projects funded, 57,000 jobs created"
10,TX-48197000-closure-202505-18-campus-five-year-closure-pl,https://www.cbsnews.com/texas/news/fortworthisd-school-closures-budget-enrollment-2025/,,"Fort Worth ISD board gives final approval to close 18 schools amid budget woes, enrollment decline","Coverage of 8-0 board vote to close 18 campuses over five years, saving $77.3M"
11,TX-48197000-closure-202505-18-campus-five-year-closure-pl,https://fortworthreport.org/2025/05/14/fort-worth-isd-proposes-the-closure-of-these-schools-heres-why-and-where/,,Fort Worth ISD proposes the closure of these schools. Here's why -- and where,Detailed local reporting listing specific schools and district rationale
12,TX-48197000-closure-202505-18-campus-five-year-closure-pl,https://www.nbcdfw.com/news/local/parents-anxious-fwisd-vote-school-closures/3845269/,,Fort Worth ISD board approves a plan to close 18 schools over a five year period,Coverage including parent reactions and TEA oversight warnings
13,TX-48089400-closure-202511-10-school-closures-approved-co,https://communityimpact.com/austin/south-central-austin/education/2025/11/21/austin-isd-board-votes-to-close-10-schools-intervene-at-failing-campuses/,,"Austin ISD board votes to close 10 schools, intervene at failing campuses",Coverage of the 7-5 board vote after a 9-hour meeting
14,TX-48089400-closure-202511-10-school-closures-approved-co,https://thetexan.news/issues/education/austin-isd-approves-24-state-mandated-turnaround-plans-including-10-school-closures/article_e56ae6e0-d891-48e4-a8bb-25a971e08003.html,,"Austin ISD Approves 24 State-Mandated Turnaround Plans, Including 10 School Closures",Coverage of closures as part of state-mandated turnaround to avoid TEA takeover
15,TX-48089400-closure-202511-10-school-closures-approved-co,https://www.k12dive.com/news/austin-isd-is-closing-10-schools-amid-enrollment-challenges/806349/,,Austin ISD is closing 10 schools amid enrollment challenges,National education trade coverage of the closures and $21.5M savings projection
16,CA-06227100-bond-202411-los-angeles-unified-school-dis,https://edsource.org/2024/lausd-board-votes-to-add-9-billion-school-construction-bond-to-november-ballot/717200,,LAUSD board votes to add $9 billion school construction bond to November ballot,Coverage of board vote to place the largest LAUSD bond ever on the ballot
17,CA-06227100-bond-202411-los-angeles-unified-school-dis,https://laist.com/news/politics/2024-election-california-general-lausd-facilities-bond,,Measure US: LAUSD facilities bond,"Voter guide with details on 68% passage, $16B total repayment cost, and property tax impact"
18,CA-06227100-bond-202411-los-angeles-unified-school-dis,"https://ballotpedia.org/Los_Angeles_Unified_School_District,_California,_Measure_US,_Bond_Measure_(November_2024)",,"Los Angeles Unified School District, California, Measure US, Bond Measure (November 2024)","Nonpartisan reference with official ballot language, arguments for/against, and vote totals"
19,CA-06227100-bond-202011-los-angeles-unified-school-dis,https://www.nbclosangeles.com/news/politics/decision-2020/southern-california-elections/lausd-board-races-bond-measure-voters/2453819/,,LA Voters Pass $7 Billion LAUSD Bond Measure,Election-night reporting on Measure RR passing with 71% voter support
20,CA-06227100-bond-202011-los-angeles-unified-school-dis,"https://ballotpedia.org/Los_Angeles_Unified_School_District,_California,_Measure_RR,_Bond_Issue_(November_2020)",,"Los Angeles Unified School District, California, Measure RR, Bond Issue (November 2020)","Nonpartisan reference with ballot language, fiscal impact, and vote totals"
21,CA-06227100-bond-202011-los-angeles-unified-school-dis,https://www.asumag.com/funding/bond-issues/article/21143770/with-billions-in-facility-needs-los-angeles-district-seeks-approval-of-massive-bond-request,,"With billions in facility needs, Los Angeles district seeks approval of massive bond request",Trade publication analysis of $50B+ in deferred maintenance needs and bond context
22,IL-17099300-closure-202409-chicago-public-schools,https://www.chalkbeat.org/chicago/2024/09/24/board-of-education-to-vote-on-no-school-closures-resolution/,,Chicago Public Schools board to consider barring school closures until 2027,Coverage of the moratorium vote and CTU allegations that CEO Martinez planned closures
23,IL-17099300-closure-202409-chicago-public-schools,https://www.cps.edu/media/community-updates/2024/september/no-school-closures/,,Setting the Record Straight: No School Closures Planned for Chicago Public Schools,Official CPS statement from CEO Martinez denying closure plans
24,IL-17099300-closure-202409-chicago-public-schools,https://www.chalkbeat.org/chicago/2024/11/12/mayor-johnson-criticized-cps-leadership-and-acero-charter-school-closures/,,Mayor Johnson asks Chicago Public Schools for backup plan in response to Acero closures,Coverage of Acero charter network closing 7 schools and political fallout
25,CO-08033600-closure-202211-denver-public-schools,https://co.chalkbeat.org/2022/11/17/23465364/denver-school-closure-no-vote-school-board-alex-marrero,,"Denver school closures: Board votes no, sends Marrero back to drawing board",Coverage of the board rejecting the superintendent's closure recommendations
26,CO-08033600-closure-202211-denver-public-schools,https://www.denverpost.com/2022/11/10/denver-five-schools-recommended-closure/,,Denver Public Schools shrinks recommended list of school closures to five,Coverage of the revised proposal after five schools were removed from the original list of 10
27,CO-08033600-closure-202211-denver-public-schools,https://www.chalkbeat.org/colorado/2022/10/26/23425626/denver-school-closures-list-of-10-schools-marrero-defends-pick-parents-react-nov-17-vote/,,"Denver school closures: Parents dismayed, superintendent defends picks",Reporting on the original 10-school closure proposal and community reaction
28,CO-08033600-closure-202411-denver-public-schools,https://coloradosun.com/2024/11/21/denver-public-schools-closing-schools-alex-marrero/,,"Denver Public Schools to close 7 schools, cut grades at 3 others despite heavy resistance","Coverage of the unanimous board vote to close/restructure 10 sites, saving $30M"
29,CO-08033600-closure-202411-denver-public-schools,https://www.denverpost.com/2024/11/21/denver-school-closures-approved-dps-enrollment/,,"Denver school closures: DPS board votes to close, restructure 10 sites","Reporting on 1,087 affected students and disproportionate impact on students of color"
30,CO-08033600-closure-202411-denver-public-schools,https://denverite.com/2024/11/21/denver-public-schools-closures-confirmed/,,"Denver Public Schools board votes to close 7 schools, forcing 1,100 families to relocate next year",Community-focused reporting on the closure vote and family impact
31,FL-12003900-closure-202404-miami-dade-county-public-schoo,https://www.cbsnews.com/miami/news/south-florida-parents-push-back-over-school-repurposing-plans/,,South Florida parents push back over school-repurposing plans,Coverage of parent opposition to Parkview and Shadowlawn repurposing
32,FL-12003900-closure-202404-miami-dade-county-public-schoo,https://floridaphoenix.com/2024/06/25/districts-are-closing-traditional-public-schools-as-charters-etc-lure-students/,,"Districts are closing traditional public schools as charters, etc., lure students",Statewide context piece linking Miami-Dade repurposing to broader school choice enrollment trends
33,NC-37029700-bond-202311-charlotte-mecklenburg-schools,https://www.wunc.org/2023-11-07/2-5-billion-cms-bond-referendum-leans-toward-victory-in-early-results,,"Voters approve record $2.5 billion in CMS bonds, despite worries about taxes",Election-night coverage of the 63% approval -- largest school bond in NC history
34,NC-37029700-bond-202311-charlotte-mecklenburg-schools,https://spectrumlocalnews.com/nc/charlotte/news/2023/11/08/charlotte-mecklenburg-schools-election-results,,Mecklenburg voters approve $2.5B schools bond,Coverage of 30 high-priority projects including 3 new schools and 16 replacements
35,NC-37029700-bond-202311-charlotte-mecklenburg-schools,https://www.nctreasurer.gov/news/press-releases/2024/02/07/local-government-commission-approves-25b-bond-charlotte-mecklenburg-school,,Local Government Commission Approves $2.5B Bond for Charlotte-Mecklenburg School,Official state approval of the bonds -- largest tax-exempt financing ever handled by NC LGC
36,NC-37047200-bond-202211-wake-county-public-school-syst,"https://ballotpedia.org/Wake_County,_North_Carolina,_School_Bond_Measure_(November_2022)",,"Wake County, North Carolina, School Bond Measure (November 2022)",Nonpartisan reference with official ballot language and results for the $530.7M bond
37,NC-37047200-bond-202211-wake-county-public-school-syst,https://www.wunc.org/news/2022-10-12/wake-county-bonds-parks-schools-ballot-2022-tech,,"In Wake County, bonds for parks, schools are on the ballot in 2022",Pre-election explainer on the bond funding 3 new elementary schools and 1 new high school
38,NC-37047200-bond-202211-wake-county-public-school-syst,https://www.wral.com/wake-school-board-asks-county-for-530-7m-bond-proposal-for-voters/20241551/,,Wake school board asks county for $530.7M bond proposal for voters,Coverage of the school board formally requesting the bond be placed on the ballot
39,TN-47001480-closure-202509-memphis-shelby-county-schools,https://dailymemphian.com/article/54831/memphis-shelby-county-schools-to-reveal-next-years-school-closures,,"MSCS to reveal next year's school closures, mergers",Coverage of MSCS preparing to announce school closures as part of the facilities framework
40,TN-47001480-closure-202509-memphis-shelby-county-schools,https://www.fox13memphis.com/education/mscs-recommends-closing-four-schools-by-end-of-academic-year/article_ac98f229-9382-444f-847d-832a5b4743f4.html,,MSCS recommends closing four schools by end of academic year,Coverage of the initial 4-school closure recommendation including Frayser-Corning and Georgian Hills
41,TN-47001480-closure-202509-memphis-shelby-county-schools,https://www.chalkbeat.org/tennessee/2025/11/11/memphis-district-could-seek-750-million-county-bond-for-school-repairs/,,Memphis district could seek $750 million county bond for school repairs,Context on the $1.6B in needed repairs driving closures and the proposed bond request
42,OH-39043780-closure-202412-columbus-city-schools,https://spectrumnews1.com/oh/columbus/news/2024/12/18/columbus-city-school-board-votes-to-close-five-schools,,Columbus City Schools board votes to close five schools,"Coverage of the board vote to close Broadleigh, Moler, West Broad, Buckeye MS, and Columbus Alt HS"
43,OH-39043780-closure-202412-columbus-city-schools,https://abc6onyourside.com/news/local/here-is-which-columbus-city-schools-buildings-will-close,,Here are which Columbus City Schools buildings will close,Detailed list of closing schools and the phased transition timeline
44,OH-39043780-closure-202412-columbus-city-schools,https://www.nbc4i.com/news/millions-spent-on-columbus-city-schools-slated-for-closure/,,Millions spent on Columbus City Schools slated for closure,Investigative reporting on $10.2M spent on closing schools during the same year as closure discussions
45,MN-27000250-facilities_plan-202411-minneapolis-public-schools,https://www.mplsschoolsvoices.news/posts/half-of-minneapolis-public-schools-buildings-are-under-utilized,,Half of Minneapolis Public Schools buildings are underutilized,Detailed analysis of the physical space study showing 52% of buildings underutilized
46,MN-27000250-facilities_plan-202411-minneapolis-public-schools,https://www.americanexperiment.org/signs-of-potential-school-closures-for-minneapolis-public-schools/,,Signs of potential school closures for Minneapolis Public Schools,Analysis of the district's enrollment decline and facilities transformation process
47,MN-27000250-facilities_plan-202411-minneapolis-public-schools,https://www.startribune.com/minneapolis-public-schools-asks-voters-to-help-with-technology-needs-as-bigger-questions-loom/601155667,,Minneapolis Public Schools seeks property tax hike for technology,Coverage linking the November 2024 levy to the broader facilities rightsizing challenge
48,WI-55096000-bond-202404-milwaukee-public-schools,https://wispolicyforum.org/research/the-abcs-of-the-2024-mps-referendum/,,The ABCs of the 2024 MPS Referendum,Nonpartisan policy analysis of the $252M referendum structure and tax impact
49,WI-55096000-bond-202404-milwaukee-public-schools,https://www.fox6now.com/news/mps-funding-referendum-milwaukee-april-2024,,"MPS funding referendum OK'd; 1,700 votes made difference",Coverage of the narrow 51-49% passage and voting patterns across the city
50,WI-55096000-bond-202404-milwaukee-public-schools,https://www.bondbuyer.com/news/milwaukee-other-wisconsin-school-districts-pass-referendums,,"Over 60 Wisconsin school districts pass referendums, including Milwaukee Public Schools",Municipal finance industry coverage placing MPS in the context of statewide referendum wave
51,IN-18047700-closure-202306-indianapolis-public-schools,https://www.chalkbeat.org/indiana/2023/5/16/23726391/indianapolis-public-schools-reuse-plan-six-closing-buildings-parker-buck-torrence-114-charter-blind/,,Indiana School for the Blind will occupy two of the six IPS schools expected to close,Coverage of the reuse plans for the six closing school buildings
52,IN-18047700-closure-202306-indianapolis-public-schools,https://www.chalkbeat.org/indiana/2023/7/31/23814196/indianapolis-public-schools-first-day-school-rebuilding-stronger-closures-changes-students-academics/,,First day of school in IPS means big shift for students at closed schools,"Coverage of the transition as 1,200+ students and 300 staff were relocated"
53,IN-18047700-closure-202306-indianapolis-public-schools,https://www.wthr.com/article/news/local/first-look-indianapolis-public-schools-rebuilding-stronger-plan/531-b31c2a77-5046-4a66-a82c-73758a5af8fa,,"Breaking down the sweeping changes proposed for IPS students, schools",Detailed breakdown of the Rebuilding Stronger plan including closures and grade reconfigurations
54,TX-48002111-bond-201905-176-billion-bond-approved-2019,https://communityimpact.com/cy-fair/city-county/2019/05/04/cy-fair-isd-bond-election/,,UPDATE: Cy-Fair ISD's $1.76 billion bond referendum passes in May election,Election-night coverage with 70.4% approval rate -- largest school bond in TX history at the time
55,TX-48002111-bond-201905-176-billion-bond-approved-2019,https://hollyhansen.org/2019/04/17/cypress-fairbanks-isd-asks-for-record-breaking-1-76-billion-bond/,,Cypress-Fairbanks ISD Asks for Record-Breaking $1.76 Billion Bond,Pre-election analysis of the bond committee's process and $2.6B in identified needs
56,TX-48002111-bond-201905-176-billion-bond-approved-2019,https://communityimpact.com/houston/cy-fair-cypress/development/2023/06/14/some-cy-fair-isd-bond-projects-ahead-of-schedule/,,Some Cy-Fair ISD bond projects ahead of schedule,Mid-construction update showing 2019 bond projects completing ahead of the original 7-phase timeline
57,VA-51012600-bond-202311-fairfax-county-public-schools,"https://ballotpedia.org/Fairfax_County,_Virginia,_Public_School_Facilities_Bond_Measure_(November_2023)",,"Fairfax County, Virginia, Public School Facilities Bond Measure (November 2023)",Nonpartisan reference with official ballot language and 68% approval result
58,VA-51012600-bond-202311-fairfax-county-public-schools,https://www.fcps.edu/news/fairfax-county-voters-renew-community-investment-fcps-support-school-bonds,,Fairfax County Voters Renew Community Investment in FCPS with Support for School Bonds,Official FCPS press release on voter approval of $435M in bonds
59,VA-51012600-bond-202311-fairfax-county-public-schools,https://thewash.org/2023/11/04/fairfax-county-republicans-push-no-vote-on-school-bond-referendum-despite-strong-public-support/,,Fairfax County Republicans push 'no' vote on school bond referendum despite strong public support,Coverage of political dynamics around the bond including GOP opposition
60,CA-06227100-bond-202011-los-angeles-unified-school-dis,https://www.cbsnews.com/losangeles/news/voters-approve-measure-rr-7-billion-bond-lausd-facility-improvements/,,,
61,CA-06227100-bond-202411-los-angeles-unified-school-dis,https://www.the74million.org/article/la-voters-overwhelmingly-approve-9-billion-school-bond/,,,
62,CA-06227100-bond-201906-los-angeles-unified-school-dis,https://edsource.org/2019/voters-in-la-soundly-reject-parcel-tax-for-schools/613344,,,
63,CA-06227100-renovation-202311-los-angeles-unified-school-dis,https://www.lausd.org/site/Default.aspx?PageType=3&DomainID=4&PageID=1&ViewID=6446ee88-d30c-497e-9316-3f8874b3e108&FlexDataID=139921,,,
64,CA-06227100-renovation-202006-los-angeles-unified-school-dis,https://www.enr.com/articles/49754-school-construction-could-help-la-rebound-from-pandemic,,,
65,CA-06227100-closure-202003-los-angeles-unified-school-dis,https://capitalandmain.com/school-districts-ventilation-systems-reveal-haves-and-have-nots,,,
66,CA-06227100-closure-202501-los-angeles-unified-school-dis,https://laist.com/news/education/los-angeles-unified-palisades-fire-reconstruction-one-year-anniversary,,,
67,CA-06227100-expansion-202501-los-angeles-unified-school-dis,https://palisadesnews.com/lausd-approves-604-million-plan-to-rebuild-fire-damaged-palisades-schools/,,,
68,CA-06227100-closure-202502-los-angeles-unified-school-dis,https://www.the74million.org/article/layoffs-cuts-and-closures-are-coming-to-lausd-schools-as-district-confronts-budget-shortfalls/,,,
69,CA-06227100-redistricting-202112-los-angeles-unified-school-dis,https://www.dailynews.com/2021/12/01/redistricting-new-lausd-boundaries-approved-la-city-council-map-must-wait-a-bit/,,,
70,CA-06227100-redistricting-202402-los-angeles-unified-school-dis,https://laist.com/news/education/lausd-charter-school-co-location-proposition-39-vote-february-2024,,,
71,CA-06343200-bond-202211-san-diego-unified-school-distr,https://voiceofsandiego.org/2022/09/21/san-diego-unifieds-latest-bond-ask-measure-u-explained/,,,
72,CA-06343200-expansion-202208-san-diego-unified-school-distr,https://spaces4learning.com/articles/2024/05/28/logan-memorial-educational-campus.aspx,,,
73,CA-06343200-expansion-202301-san-diego-unified-school-distr,https://www.10news.com/news/local-news/san-diego-unified-plans-to-build-a-new-elementary-school-in-civita-neighborhood,,,
74,CA-06225000-closure-202012-long-beach-unified-school-dist,https://lbpost.com/news/education/lbusd-board-votes-to-close-hudson-elementary-school-next-year/,,,
75,CA-06225000-closure-202406-long-beach-unified-school-dist,https://lbpost.com/news/education/lbusd-board-votes-to-close-hudson-elementary-school-next-year/,,,
76,CA-06225000-bond-202211-long-beach-unified-school-dist,https://www.lbschoolbonds.net/,,,
77,CA-06225000-renovation-202401-long-beach-unified-school-dist,https://www.lbschoolbonds.net/news,,,
78,CA-06227100-closure-202020-la-charter-schools-within-laus,https://edsource.org/2025/lausd-charter-school-conflict/741518,,,
79,CA-06227100-closure-202402-la-charter-schools-within-laus,https://edsource.org/updates/three-kipp-socal-public-schools-will-close-this-academic-year,,,
80,CA-06227100-expansion-202104-la-charter-schools-within-laus,https://www.ladfnewmarkets.org/project-details/seed-la-charter-school,,,
81,IL-17099300-closure-201802-chicago-public-schools,https://news.wttw.com/2018/02/28/cps-board-votes-unanimously-close-4-englewood-high-schools,,,
82,IL-17099300-expansion-201909-chicago-public-schools,https://news.wttw.com/2019/09/01/cps-unveils-englewood-stem-high-school-after-controversial-closures,,,
83,IL-17099300-closure-202003-chicago-public-schools,https://www.cps.edu/press-releases/ChangeTab/?tab=2020,,,
84,IL-17099300-renovation-202107-chicago-public-schools,https://www.cps.edu/about/finance/capital-plan/capital-plan-fy2021,,,
85,IL-17099300-renovation-202207-chicago-public-schools,https://www.cps.edu/about/finance/capital-plan/capital-plan-fy2022/,,,
86,IL-17099300-renovation-202309-chicago-public-schools,https://chicago.suntimes.com/education/2023/9/28/23895159/cps-schools-need-14-4b-for-repairs-modernization-report-finds,,,
87,IL-17099300-closure-202409-chicago-public-schools,https://news.wttw.com/2024/09/26/cps-board-votes-unanimously-prohibit-school-closures-until-2027,,,
88,IL-17099300-renovation-202407-chicago-public-schools,https://www.cps.edu/about/finance/capital-plan/capital-plan-fy2025/,,,
89,US-000000-closure-202303-philadelphia-school-district,https://www.inquirer.com/education/asbestos-closure-philadelphia-school-district-20231027.html,,,
90,US-000000-closure-202310-philadelphia-school-district,https://www.inquirer.com/education/philadelphia-school-asbestos-closed-southwark-20231027.html,,,
91,US-000000-renovation-202508-philadelphia-school-district,https://6abc.com/post/frankford-high-school-reopens-299m-renovation-asbestos-removal-philadelphia/17579338/,,,
92,US-000000-bond-202501-philadelphia-school-district,https://whyy.org/articles/philadelphia-school-closures-plan/,,,
93,US-000000-renovation-202301-philadelphia-school-district,https://www.philasd.org/fpp/,,,
94,US-000000-renovation-202308-philadelphia-school-district,https://www.chalkbeat.org/philadelphia/2023/8/2/23817888/philadelphia-school-facilities-lawsuit-settlement-streater-watlington/,,,
95,FL-12003900-closure-202404-miami-dade-county-public-schoo,https://www.axios.com/local/miami/2024/04/24/miami-dade-schools-changes,,,
96,FL-12003900-closure-202502-miami-dade-county-public-schoo,https://www.axios.com/local/miami/2025/02/12/miami-schools-declining-enrollment-building-changes,,,
97,FL-12003900-redistricting-202502-miami-dade-county-public-schoo,https://www.wlrn.org/news-in-brief/2025-02-13/mdcps-school-boundaries,,,
98,FL-12003900-renovation-202505-miami-dade-county-public-schoo,https://www.wlrn.org/news-in-brief/2025-05-15/miami-dade-schools-early-learning-initiative-enrollment,,,
99,FL-12001800-bond-201411-broward-county-public-schools,https://bcpssmartfutures.com/about/,,,
100,FL-12001800-renovation-202010-broward-county-public-schools,https://sun-sentinel.com/news/education/fl-ne-stoneman-douglas-building-update-20200116-rvhfndneindxjn5ce3uoa6sdp4-story.html,,,
101,FL-12001800-renovation-202406-broward-county-public-schools,https://en.wikipedia.org/wiki/Parkland_high_school_shooting,,,
102,FL-12001800-closure-202408-broward-county-public-schools,https://www.wlrn.org/education/2024-02-09/broward-public-school-closures-consolidation-low-enrollment,,,
103,FL-12001800-closure-202601-broward-county-public-schools,https://www.wlrn.org/education/2026-01-23/broward-county-schools-closures-hepburn-redefining,,,
104,FL-12001800-redistricting-202601-broward-county-public-schools,https://www.wlrn.org/education/2026-01-22/broward-school-closures-boundary-changes-redefining,,,
105,FL-12008700-closure-202305-hillsborough-county-public-sch,https://www.wusf.org/education/2024-05-28/five-hillsborough-schools-have-closed-a-parent-mourns-the-loss-of-her-daughters-elementary,,,
106,FL-12008700-redistricting-202306-hillsborough-county-public-sch,https://www.wusf.org/education/2023-06-21/hillsborough-county-school-board-votes-to-approve-boundary-changes-in-a-4-3-vote,,,
107,FL-12008700-expansion-202402-hillsborough-county-public-sch,https://www.tampabay.com/news/education/2024/02/29/tampas-just-elementary-stewart-middle-will-be-rebuilt-officials-say/,,,
108,FL-12008700-expansion-202511-hillsborough-county-public-sch,https://www.wusf.org/education/2025-11-19/hillsborough-build-two-new-schools-threat-charter-takeover,,,
109,FL-12008700-bond-202411-hillsborough-county-public-sch,https://feaweb.org/release/election-release/,,,
110,FL-12014400-bond-201811-polk-county-public-schools,https://www.polkschoolsfl.com/community/salestax,,,
111,FL-12014400-expansion-202307-polk-county-public-schools,https://www.pr.com/press-release/893445,,,
112,FL-12014400-expansion-202401-polk-county-public-schools,https://www.polkschoolsfl.com/news,,,
113,FL-12015000-expansion-202508-palm-beach-county-school-distr,https://gotowncrier.com/2025/08/saddle-view-elementary-opens-to-600-plus-students/,,,
114,FL-12015000-expansion-202708-palm-beach-county-school-distr,https://www.yahoo.com/news/articles/another-elementary-school-moves-ahead-090727822.html,,,
115,FL-12015000-redistricting-202510-palm-beach-county-school-distr,https://www.wlrn.org/news-in-brief/2025-10-14/declining-enrollment-forces-teacher-reassignments-in-palm-beach-county,,,
116,FL-12004800-bond-202011-duval-county-public-schools,https://www.teamduval.org/2020/12/14/half-cent-sales-tax-passed-now-what/,,,
117,FL-12004800-expansion-202211-duval-county-public-schools,https://www.teamduval.org/2022/11/14/new-schools-emerging-throughout-jacksonville-thanks-to-half-penny/,,,
118,FL-12004800-closure-202410-duval-county-public-schools,https://jaxtoday.org/2024/10/02/duval-plan-schools/,,,
119,FL-12004800-closure-202411-duval-county-public-schools,https://jaxtoday.org/2024/11/05/3-duval-elementary-schools-will-close-soon-3-more-after-a-year/,,,
120,FL-12004800-closure-202506-duval-county-public-schools,https://jaxtoday.org/2024/09/24/duval-could-close-12-elementary-schools-within-5-years/,,,
121,FL-12015900-expansion-202408-osceola-county-school-district,https://www.wesh.com/article/new-schools-osceola-county/46996652,,,
122,FL-12015900-renovation-202403-osceola-county-school-district,https://www.clickorlando.com/news/local/2024/03/26/renovations-new-schools-shape-osceola-countys-education-landscape/,,,
123,FL-12015900-expansion-202508-osceola-county-school-district,https://www.wesh.com/article/new-school-housing-osceola-county/44120999,,,
124,FL-12015900-expansion-202505-osceola-county-school-district,https://mynews13.com/fl/orlando/news/2025/05/14/osceola-county-schools-breaks-ground-on--59-m--reedy-creek-rebuild-to-manage-county-growth,,,
125,FL-12015900-expansion-202608-osceola-county-school-district,https://www.clickorlando.com/news/local/2025/01/24/what-a-new-high-school-means-for-a-growing-osceola-county-school-district/,,,
126,FL-12015600-closure-202601-pinellas-county-schools,https://www.wfla.com/news/pinellas-county/pinellas-county-recommends-closure-of-2-schools-consolidation-due-to-low-enrollment/,,,
127,US-000000-renovation-202209-lee-county-school-district,https://winknews.com/2023/10/02/rebuilding-schools-after-hurricane-ian/,,,
128,US-000000-bond-202312-lee-county-school-district,https://www.leeschools.net/news/october_2023/district_to_receive_51_million_for_ian_recovery,,,
129,US-000000-expansion-202408-lee-county-school-district,https://www.wgcu.org/section/education/2023-08-09/new-and-rebuilt-schools-will-open-in-lee-county,,,
130,US-000000-renovation-202410-lee-county-school-district,https://www.wgcu.org/education/2025-05-28/fate-of-fort-myers-beach-elementary-school-discussed-by-town-school-board,,,
131,FL-12017100-expansion-202409-seminole-county-public-schools,https://www.wftv.com/news/local/seminole-county-district-plans-24-million-school-replacement/TVSIOUACEFFLRIOHZMCAPJLVFM/,,,
132,US-000000-redistricting-202407-statewide-all-florida-district,https://www.wusf.org/education/2025-11-17/dozens-of-tampa-bay-area-public-schools-targeted-by-hope-charters-heres-a-list,,,
133,IL-17099300-closure-201305-cps-mass-closure-49-schools,https://www.chicagotribune.com/news/ct-xpm-2013-05-23-chi-chicago-school-closings-20130522-story.html,,,
134,IL-17099300-closure-201305-cps-mass-closure-49-schools,https://www.npr.org/2023/06/01/1178727834/after-10-years-chicago-school-closings-have-left-big-holes-and-promises-unkept,,,
135,IL-17099300-closure-201305-cps-mass-closure-49-schools,https://www.chalkbeat.org/chicago/2023/7/25/23806124/chicago-school-closings-2013-henson-elementary/,,,
136,IL-17099300-closure-201305-cps-mass-closure-49-schools,https://graphics.suntimes.com/education/2023/chicagos-50-closed-schools/,,,
137,IL-17099300-closure-201305-cps-mass-closure-49-schools,https://news.wttw.com/2018/05/22/new-study-examines-long-term-impacts-2013-cps-closures,,,
138,IL-17099300-intervention-201510-cps-byrd-bennett-bribery,https://www.justice.gov/usao-ndil/pr/former-chief-executive-chicago-public-schools-pleads-guilty-accepting-bribes-and,,,
139,IL-17099300-intervention-201510-cps-byrd-bennett-bribery,https://news.wttw.com/2015/10/08/former-cps-ceo-barbara-byrd-bennett-plead-guilty-bribery-scheme,,,
140,IL-17099300-intervention-201510-cps-byrd-bennett-bribery,https://www.cnn.com/2015/10/08/us/chicago-schools-bribery-case/index.html,,,
141,IL-17099300-intervention-201510-cps-byrd-bennett-bribery,https://news.wttw.com/2018/07/31/cps-watchdog-byrd-bennett-helped-company-land-67m-contracts,,,
142,MI-26054300-closure-201202-detroit-mass-closure-32-schools,https://www.huffingtonpost.com/2012/02/08/detroit-school-closings_n_1263165.html,,,
143,MI-26054300-closure-201202-detroit-mass-closure-32-schools,https://en.wikipedia.org/wiki/List_of_closed_public_schools_in_Detroit,,,
144,MI-26054300-closure-201202-detroit-mass-closure-32-schools,https://app.regrid.com/reports/schools,,,
145,MI-26054300-closure-201202-detroit-mass-closure-32-schools,https://www.michigan.gov/formergovernors/recent/snyder/press-releases/2011/05/04/snyder-appoints-roy-s-roberts-detroit-public-schools-emergency-manager,,,
146,MI-26054300-intervention-201606-detroit-617m-bailout-restructuring,https://www.crainsdetroit.com/article/20160621/NEWS01/160629940/snyder-signs-617-million-detroit-schools-bailout,,,
147,MI-26054300-intervention-201606-detroit-617m-bailout-restructuring,https://www.cbc.ca/news/canada/windsor/michigan-bailout-saves-detroit-schools-from-bankruptcy-1.3623831,,,
148,MI-26054300-intervention-201606-detroit-617m-bailout-restructuring,https://crcmich.org/after-20-years-detroit-public-schools-to-regain-control-of-its-finances,,,
149,MI-26054300-intervention-201606-detroit-617m-bailout-restructuring,https://time.com/4390000/detroit-public-schools-charters-debt/,,,
150,PA-42189900-closure-201303-philadelphia-24-school-closures,https://www.npr.org/2013/03/08/173843054/faced-with-massive-budget-cuts-philadelphia-plans-to-shutter-23-schools,,,
151,PA-42189900-closure-201303-philadelphia-24-school-closures,https://www.cbsnews.com/philadelphia/news/2013-in-review-district-closes-24-philadelphia-public-schools/,,,
152,PA-42189900-closure-201303-philadelphia-24-school-closures,https://philadelphianeighborhoods.com/2023/05/11/education-the-lasting-effects-of-the-2013-school-closures/,,,
153,PA-42189900-closure-201303-philadelphia-24-school-closures,https://www.inquirer.com/philly/education/20130310_A_Snapshot__The_23_Closing_Schools_in_Philadelphia.html,,,
154,PA-42189900-closure-201303-philadelphia-24-school-closures,https://www.washingtonpost.com/news/answer-sheet/wp/2013/06/08/philadelphia-school-district-laying-off-3783-employees/,,,
155,NJ-34126900-closure-201409-newark-one-newark-closures,https://www.washingtonpost.com/local/education/chris-christies-newark-schools-chief-steps-down-following-years-of-turmoil/2015/06/22/729a1a52-1918-11e5-93b7-5eddc056ad8a_story.html,,,
156,NJ-34126900-closure-201409-newark-one-newark-closures,https://hechingerreport.org/the-life-and-death-of-newarks-eighteenth-avenue-school/,,,
157,NJ-34126900-closure-201409-newark-one-newark-closures,https://www.nber.org/system/files/working_papers/w23922/w23922.pdf,,,
158,NJ-34126900-closure-201409-newark-one-newark-closures,https://www.bobbraunsledger.com/closing-newark-schools-is-illegal-because-anderson-didnt-comply-with-law-legal-experts-say/,,,
159,NJ-34126900-closure-201409-newark-one-newark-closures,https://www.insidephilanthropy.com/home/2017-10-31-newark-school-reform-philanthropy-study,,,
160,LA-2200090-intervention-200511-new-orleans-rsd-state-takeover,https://en.wikipedia.org/wiki/Recovery_School_District,,,
161,LA-2200090-intervention-200511-new-orleans-rsd-state-takeover,https://educationresearchalliancenola.org/files/publications/A-New-First_FINAL.pdf,,,
162,LA-2200090-intervention-200511-new-orleans-rsd-state-takeover,https://www.the74million.org/article/with-reunification-new-orleans-becomes-the-first-district-in-the-country-to-oversee-a-citywide-system-of-public-charter-schools-will-it-work/,,,
163,LA-2200090-merger-201807-new-orleans-reunification-opsb,https://www.nola.com/news/education/article_51fe63a4-832f-5a27-bbb5-97430938404a.html,,,
164,LA-2200090-merger-201807-new-orleans-reunification-opsb,https://www.the74million.org/article/with-reunification-new-orleans-becomes-the-first-district-in-the-country-to-oversee-a-citywide-system-of-public-charter-schools-will-it-work/,,,
165,LA-2200090-merger-201807-new-orleans-reunification-opsb,https://nolapublicschools.com/unification,,,
166,LA-2200090-merger-201807-new-orleans-reunification-opsb,https://www.wwno.org/post/new-orleans-schools-reunite-under-local-school-board-charters-maintain-control,,,
167,DC-11001000-closure-201301-dcps-15-school-closures,https://www.washingtonpost.com/local/education/chancellor-kaya-henderson-names-15-dc-schools-on-closure-list/2013/01/17/e04202fa-6023-11e2-9940-6fc488f3fecd_story.html,,,
168,DC-11001000-closure-201301-dcps-15-school-closures,https://www.dcfpi.org/all/the-school-closure-list-a-first-take/,,,
169,DC-11001000-closure-201301-dcps-15-school-closures,https://www.publicschoolreview.com/blog/dc-schools-consolidation-and-closures,,,
170,MO-29292800-closure-201006-kcps-29-school-closures-rightsizing,https://www.kcur.org/history/2025-03-27/kansas-city-public-schools-history-building-bond-desegregation-racism,,,
171,MO-29292800-closure-201006-kcps-29-school-closures-rightsizing,https://en.wikipedia.org/wiki/Kansas_City_Public_Schools,,,
172,MO-29292800-closure-201006-kcps-29-school-closures-rightsizing,https://www.chicagoreporter.com/in-kansas-city-a-lesson-in-transforming-closed-schools/,,,
173,CA-06246000-closure-201206-ousd-4-elementary-closures,https://oaklandnorth.net/2011/10/27/ousd-board-votes-to-close-five-elementary-schools-at-a-contentious-meeting/,,,
174,CA-06246000-closure-201206-ousd-4-elementary-closures,https://www.ousddata.org/students-affected-by-closures.html,,,
175,CA-06246000-closure-201206-ousd-4-elementary-closures,https://oaklandnorth.net/2012/06/20/encampment-continues-at-lakeview-as-protesters-demand-district-reopen-closed-schools/,,,
176,CA-06246000-closure-201206-ousd-4-elementary-closures,https://eastbaymajority.com/everything-you-need-to-know-about-the-proposed-oakland-school-closures-part-1-of-3/,,,
177,PA-42002000-closure-201209-pittsburgh-7-school-consolidations,https://www.wesa.fm/education/2024-10-07/pittsburgh-public-schools-closure-history,,,
178,PA-42002000-closure-201209-pittsburgh-7-school-consolidations,https://www.publicsource.org/pps-closures-pittsburgh-west-side-history-sheraden-crafton-heights-elliott/,,,
179,PA-42002000-closure-201209-pittsburgh-7-school-consolidations,https://www.publicsource.org/pittsburgh-public-schools-building-closure-information/,,,
180,TN-47001480-merger-201307-memphis-shelby-county-merger,https://www.edweek.org/leadership/memphis-shelby-schools-merge-amid-uncertainty/2013/07,,,
181,TN-47001480-merger-201307-memphis-shelby-county-merger,https://www.actionnews5.com/story/22736163/scs-mcs-officially-merge-into-one-school-district/,,,
182,TN-47001480-merger-201307-memphis-shelby-county-merger,https://www.npr.org/2011/03/07/134324082/Memphis-Voters-To-Decide-School-Merger-Proposal,,,
183,TN-47001480-merger-201307-memphis-shelby-county-merger,https://en.wikipedia.org/wiki/Memphis-Shelby_County_Schools,,,
184,TN-47001480-redistricting-201408-shelby-county-6-municipal-breakaways,https://en.wikipedia.org/wiki/Memphis-Shelby_County_Schools,,,
185,TN-47001480-redistricting-201408-shelby-county-6-municipal-breakaways,https://eric.ed.gov/?id=EJ1185375,,,
186,TN-47001480-redistricting-201408-shelby-county-6-municipal-breakaways,https://www.edweek.org/leadership/memphis-shelby-schools-merge-amid-uncertainty/2013/07,,,
187,GA-13003300-intervention-201304-atlanta-cheating-scandal-indictments,https://en.wikipedia.org/wiki/Atlanta_Public_Schools_cheating_scandal,,,
188,GA-13003300-intervention-201304-atlanta-cheating-scandal-indictments,https://www.cnn.com/2015/04/01/us/atlanta-schools-cheating-scandal/index.html,,,
189,GA-13003300-intervention-201304-atlanta-cheating-scandal-indictments,https://www.atlantamagazine.com/news-culture-articles/what-has-atlanta-public-schools-learned-from-the-cheating-scandal/,,,
190,GA-13003300-intervention-201304-atlanta-cheating-scandal-indictments,https://ethicsunwrapped.utexas.edu/case-study/cheating-atlantas-school-scandal,,,
191,MD-24001200-renovation-201304-baltimore-21st-century-schools,https://mdstad.com/21st-century-schools,,,
192,MD-24001200-renovation-201304-baltimore-21st-century-schools,https://baltimore21stcenturyschools.org/,,,
193,MD-24001200-renovation-201304-baltimore-21st-century-schools,https://www.bostonglobe.com/2023/10/03/metro/baltimore-new-school-construction-boston-massachusetts-closures/,,,
194,MD-24001200-renovation-201304-baltimore-21st-century-schools,https://planning.baltimorecity.gov/planning-inspire,,,
195,MD-24001200-closure-201211-baltimore-closure-plan-26-schools,https://melissa-schober.medium.com/a-broken-process-baltimore-city-school-closure-7f98fef21d2e,,,
196,MD-24001200-closure-201211-baltimore-closure-plan-26-schools,https://www.thebaltimorebanner.com/baltimore/baltimore-school-closing-opposition-T7U3OW4LTJGVDCKUAU452STCCE/,,,
197,MD-24001200-closure-201211-baltimore-closure-plan-26-schools,https://planning.baltimorecity.gov/surplus-schools,,,
198,MD-24001200-closure-201211-baltimore-closure-plan-26-schools,https://www.wmar2news.com/news/region/baltimore-city/city-leaders-hope-to-transform-surplus-schools-into-thriving-buildings,,,
199,CO-08033600-bond-201211-denver-466m-bond,https://ballotpedia.org/Denver_Public_Schools_District_Bond_Question_(November_2012),,,
200,CO-08033600-bond-201211-denver-466m-bond,https://denvergazette.com/news/education/denver-public-schools-billions-debt-bond-measures/article_35cbb909-459d-40f8-9fed-adefe571a043.html,,,
201,CO-08033600-closure-201506-denver-school-performance-compact,https://www.chalkbeat.org/colorado/2024/09/28/denver-study-finds-closing-schools-improved-student-test-scores/,,,
202,CO-08033600-closure-201506-denver-school-performance-compact,https://www.denver7.com/lifestyle/education/closing-struggling-schools-helped-student-achievement-in-denver-study-finds,,,
203,CO-08033600-closure-201506-denver-school-performance-compact,https://www.cpr.org/2024/09/23/denver-public-schools-controversial-reform-successful/,,,
204,CO-08033600-bond-201611-denver-572m-bond,https://denvergazette.com/news/education/denver-public-schools-billions-debt-bond-measures/article_35cbb909-459d-40f8-9fed-adefe571a043.html,,,
205,CO-08033600-bond-201611-denver-572m-bond,https://ballotpedia.org/Denver_Public_Schools_District_Bond_Question_(November_2012),,,
206,WI-55096000-closure-201206-milwaukee-ongoing-closures-enrollment-decline,https://eagnews.org/new-report-details-milwaukee-school-districts-refusal-to-sell-dozens-of-vacant-buildings,,,
207,WI-55096000-closure-201206-milwaukee-ongoing-closures-enrollment-decline,https://www.wpr.org/news/milwaukee-public-schools-considering-closing-merging-schools,,,
208,WI-55096000-closure-201206-milwaukee-ongoing-closures-enrollment-decline,https://urbanmilwaukee.com/2024/10/05/mps-considers-closing-merging-schools/,,,
209,TX-48236400-bond-201211-houston-isd-1-89b-bond,https://www.houstonisd.org/2012bond,,,
210,TX-48236400-bond-201211-houston-isd-1-89b-bond,https://www.houstonchronicle.com/news/houston-texas/education/hisd/article/houston-isd-school-bond-history-19789255.php,,,
211,TX-48236400-bond-201211-houston-isd-1-89b-bond,https://houstonlanding.org/houston-isd-proposed-the-largest-school-bond-in-texas-history-what-to-know-before-voting/,,,
212,TX-48162300-bond-201511-dallas-isd-1-6b-bond,https://www.dallasnews.com/news/2015/11/04/voters-back-dallas-isds-1-6-billion-bond-plan/,,,
213,TX-48162300-bond-201511-dallas-isd-1-6b-bond,https://www.keranews.org/texas-news/2015-11-03/in-dallas-isd-and-across-north-texas-school-bond-packages-pass-easily,,,
214,TX-48162300-bond-201511-dallas-isd-1-6b-bond,https://kwamebuildinggroup.com/kwame-building-group-completes-work-on-six-schools-as-part-of-dallas-independent-school-districts-1-6-billion-bond-program/,,,
215,NV-32000600-bond-201506-clark-county-4-1b-capital-improvement,https://capitalimprovementplan.ccsd.net/about/,,,
216,NV-32000600-bond-201506-clark-county-4-1b-capital-improvement,https://thenevadaindependent.com/article/extended-bonding-authority-could-breathe-new-life-into-old-schools,,,
217,NV-32000600-bond-201506-clark-county-4-1b-capital-improvement,https://thenevadaindependent.com/article/school-district-maintenance-and-capital-needs-top-10-billion,,,
218,CA-00000000-bond-201611-california-prop-51-9b-statewide,"https://ballotpedia.org/California_Proposition_51,_Public_School_Facility_Bonds_(2016)",,,
219,CA-00000000-bond-201611-california-prop-51-9b-statewide,https://edsource.org/2016/prop-51-initiative-would-provide-billions-for-school-renovation-and-construction/570590,,,
220,CA-00000000-bond-201611-california-prop-51-9b-statewide,https://www.asumag.com/funding/bond-issues/article/20853508/californians-approve-statewide-9-billion-bond-for-school-construction,,,
221,CA-00000000-bond-201611-california-prop-51-9b-statewide,https://lao.ca.gov/BallotAnalysis/Proposition?number=51&year=2016,,,
222,TX-48015900-bond-201611-san-antonio-isd-450m-bond,https://www.expressnews.com/news/education/article/San-Antonio-ISD-bond-construction-begins-13582354.php,,,
223,TX-48015900-bond-201611-san-antonio-isd-450m-bond,https://sanantonioreport.org/san-antonio-isd-voters-to-decide-on-1-3-billion-bond-the-largest-in-city-history/,,,
224,NC-37029500-bond-201711-charlotte-mecklenburg-922m-bond,https://www.wbtv.com/story/36790371/charlotte-mecklenburg-schools-922-million-bond-passes/,,,
225,NC-37029500-bond-201711-charlotte-mecklenburg-922m-bond,https://www.asumag.com/funding/bond-issues/article/20855871/charlottemecklenburg-nc-voters-approve-922-million-school-bond-proposal,,,
226,NC-37029500-bond-201711-charlotte-mecklenburg-922m-bond,https://www.wfae.org/education/2020-02-24/cms-says-this-week-will-bring-answers-on-2017-bond-costs-and-changes,,,
227,NC-37029500-bond-201711-charlotte-mecklenburg-922m-bond,https://www.wcnc.com/article/news/local/charlotte-mecklenburg-school-bond-money-projects/275-b29b84fe-2362-4448-80db-4dc3a71fb93b,,,
228,TX-48227900-bond-201711-austin-isd-1b-bond,https://www.austinisd.org/construction-management/bond/previous-bonds,,,
229,TX-48227900-bond-201711-austin-isd-1b-bond,https://www.austinisd.org/announcements/2018/11/12/aisd-bond-2017-one-year-anniversary-update,,,
230,TX-48227900-bond-201711-austin-isd-1b-bond,"https://ballotpedia.org/Austin_Independent_School_District,_Texas,_Bond_Issue_(November_2017)",,,
231,TX-48227900-bond-201711-austin-isd-1b-bond,https://aecom.com/projects/austin-isd-2017-bond-capital-improvement-program/,,,
232,NY-00000000-bond-201411-new-york-smart-schools-2b-bond,https://ballotpedia.org/School_bond_election,,,
233,NY-00000000-bond-201411-new-york-smart-schools-2b-bond,https://www.pmschools.org/departments/technology/smart-schools-bond-act,,,
234,CA-06227100-bond-200811-lausd-7b-measure-q,"https://ballotpedia.org/Los_Angeles_Unified_School_District_bond_proposition,_Measure_Q_(November_2008)",,,
235,CA-06227100-bond-200811-lausd-7b-measure-q,https://www.lausd.org/Page/18817,,,
236,CA-06227100-bond-200811-lausd-7b-measure-q,https://www.lausd.org/facilities,,,
237,MI-26054300-intervention-201501-detroit-earley-emergency-manager,https://www.wsws.org/en/articles/2015/01/19/dpse-j19.html,,,
238,MI-26054300-intervention-201501-detroit-earley-emergency-manager,https://www.chalkbeat.org/detroit/2019/11/26/21109294/this-emergency-manager-says-better-management-wasn-t-enough-the-detroit-district-needed-cash/,,,
239,MI-26054300-intervention-201501-detroit-earley-emergency-manager,https://www.detroitnews.com/story/news/local/michigan/2018/06/27/michigan-no-emergency-managers-first-time-since-2000/737947002/,,,
240,PA-42189900-intervention-201706-philadelphia-src-dissolved,"https://ballotpedia.org/Newark_Public_Schools,_New_Jersey",,,
241,PA-42189900-intervention-201706-philadelphia-src-dissolved,https://www.inquirer.com/philly/education/20130310_A_Snapshot__The_23_Closing_Schools_in_Philadelphia.html,,,
242,TX-48014900-bond-201411-katy-isd-748m-bond,https://thesismag.com/2014/10/31/education-on-the-ballot-katy-and-fort-bend-isd-bonds/,,,
243,TX-48014900-bond-201411-katy-isd-748m-bond,https://www.texasisd.com/pages/construction-bond-issues,,,
244,NJ-34126900-intervention-201609-newark-return-local-control,"https://ballotpedia.org/Newark_Public_Schools,_New_Jersey",,,
245,NJ-34126900-intervention-201609-newark-return-local-control,https://www.washingtonpost.com/local/education/chris-christies-newark-schools-chief-steps-down-following-years-of-turmoil/2015/06/22/729a1a52-1918-11e5-93b7-5eddc056ad8a_story.html,,,
246,NJ-34126900-intervention-201609-newark-return-local-control,https://cepr.harvard.edu/evaluating-newark-school-reform,,,
247,IL-17099300-closure-201206-chicago-cps-pre-mass-closures,https://graphics.chicagotribune.com/school_utilization/,,,
248,IL-17099300-closure-201206-chicago-cps-pre-mass-closures,https://nvdatabase.swarthmore.edu/content/chicago-students-teachers-protest-school-closings-2013,,,
249,DC-11001000-closure-200806-dcps-23-school-closures-fenty-rhee,https://www.publicschoolreview.com/blog/dc-schools-consolidation-and-closures,,,
250,DC-11001000-closure-200806-dcps-23-school-closures-fenty-rhee,https://www.washingtonpost.com/local/education/chancellor-kaya-henderson-names-15-dc-schools-on-closure-list/2013/01/17/e04202fa-6023-11e2-9940-6fc488f3fecd_story.html,,,
251,PA-42002000-closure-200609-pittsburgh-right-sizing-2006,https://www.wesa.fm/education/2024-10-07/pittsburgh-public-schools-closure-history,,,
252,PA-42002000-closure-200609-pittsburgh-right-sizing-2006,https://www.publicsource.org/pps-closures-pittsburgh-west-side-history-sheraden-crafton-heights-elliott/,,,
253,MO-29292800-intervention-201408-kcps-hale-cook-reopening,https://en.wikipedia.org/wiki/Kansas_City_Public_Schools,,,
254,MO-29292800-intervention-201408-kcps-hale-cook-reopening,https://www.kcpublicschools.org/about/history,,,
255,MI-26054300-closure-201106-detroit-15-schools-transferred-eaa,https://www.huffingtonpost.com/2012/02/08/detroit-school-closings_n_1263165.html,,,
256,MI-26054300-closure-201106-detroit-15-schools-transferred-eaa,https://urbanedjournal.gse.upenn.edu/volume-17-spring-2020/empire-strikes-back-state-takeover-and-education-michigan,,,
257,MI-26054300-closure-201106-detroit-15-schools-transferred-eaa,https://app.regrid.com/reports/schools,,,
258,GA-13003300-intervention-201504-atlanta-cheating-convictions,https://www.cnn.com/2015/04/01/us/atlanta-schools-cheating-scandal/index.html,,,
259,GA-13003300-intervention-201504-atlanta-cheating-convictions,https://en.wikipedia.org/wiki/Atlanta_Public_Schools_cheating_scandal,,,
260,GA-13003300-intervention-201504-atlanta-cheating-convictions,https://ethicsunwrapped.utexas.edu/case-study/cheating-atlantas-school-scandal,,,
261,GA-13003300-intervention-201504-atlanta-cheating-convictions,https://www.atlantamagazine.com/news-culture-articles/what-has-atlanta-public-schools-learned-from-the-cheating-scandal/,,,
262,MD-24001200-renovation-201509-baltimore-21st-century-year1-construction,https://baltimore21stcenturyschools.org/school-projects,,,
263,MD-24001200-renovation-201509-baltimore-21st-century-year1-construction,https://mdstad.com/21st-century-schools,,,
264,MD-24001200-renovation-201509-baltimore-21st-century-year1-construction,https://www.mckinc.com/project/bcps-construction-program,,,
265,WI-55096000-closure-201706-milwaukee-facilities-master-plan-study,https://www.wpr.org/news/milwaukee-public-schools-considering-closing-merging-schools,,,
266,WI-55096000-closure-201706-milwaukee-facilities-master-plan-study,https://urbanmilwaukee.com/2024/10/05/mps-considers-closing-merging-schools/,,,
267,WI-55096000-closure-201706-milwaukee-facilities-master-plan-study,https://mps.milwaukee.k12.wi.us/News/MPS-will-seek-communitys-feedback-on-Facilities-Master-Plans-progress-limited-changes-expected-i.htm,,,
268,CA-06246000-intervention-200306-oakland-state-takeover-fiscal-crisis,https://en.wikipedia.org/wiki/Oakland_Unified_School_District,,,
269,CA-06246000-intervention-200306-oakland-state-takeover-fiscal-crisis,https://oaklandnorth.net/2011/10/25/ousd-school-closures-vote-wed-follows-years-of-creating-small-schools-then-having-to-pay-for-them/,,,
270,IL-17099300-bond-201501-chicago-cps-fiscal-crisis-borrowing,https://www.chicagobusiness.com/crains-forum-cps-crossroads/chicago-school-closures-2013-decade-later,,,
271,IL-17099300-bond-201501-chicago-cps-fiscal-crisis-borrowing,http://uchicagogate.com/articles/2019/5/28/chicagos-2013-mass-school-closings-review/,,,
272,TN-47001480-intervention-201308-shelby-county-achievement-school-district,https://dailymemphian.com/section/metroeducation/article/59689/memphis-shelby-county-schools-mscs-school-board-elections-state-takeover,,,
273,TN-47001480-intervention-201308-shelby-county-achievement-school-district,https://crpe.org/publications/depth-portfolio-assessment-shelby-county-schools-memphis-tn,,,
274,CO-08033600-closure-201206-denver-zerger-closure-portfolio-model,https://www.cpr.org/2023/11/13/whats-happening-with-closed-school-buildings/,,,
275,CO-08033600-closure-201206-denver-zerger-closure-portfolio-model,https://www.chalkbeat.org/colorado/2024/09/28/denver-study-finds-closing-schools-improved-student-test-scores/,,,
276,CO-08033600-closure-201206-denver-zerger-closure-portfolio-model,https://www.cpr.org/2024/09/23/denver-public-schools-controversial-reform-successful/,,,
277,LA-2200090-intervention-201605-new-orleans-act-91-reunification-law,https://www.nola.com/news/education/2019-is-d-day-new-orleans-school-reunification-bill-advances/article_54c92e26-a8a3-5fb9-a015-e738891ebeb0.html,,,
278,LA-2200090-intervention-201605-new-orleans-act-91-reunification-law,https://www.brookings.edu/articles/charter-schools-and-local-control-in-new-orleans/,,,
279,LA-2200090-intervention-201605-new-orleans-act-91-reunification-law,https://educationresearchalliancenola.org/files/publications/A-New-First_FINAL.pdf,,,
280,MI-26054300-renovation-201810-detroit-500m-facilities-assessment,https://crcmich.org/recent-report-shows-continued-financial-improvement-for-detroit-schools,,,
281,MI-26054300-renovation-201810-detroit-500m-facilities-assessment,https://www.detroitnews.com/story/news/education/2018/11/20/moodys-detroit-school-district-state-bailout/2067204002/,,,
282,MI-26054300-renovation-201810-detroit-500m-facilities-assessment,https://crcmich.org/after-20-years-detroit-public-schools-to-regain-control-of-its-finances,,,
283,NC-37047200-bond-202211-wake-county-public-school-syst,https://abc11.com/wake-county-election-results-bonds-parks/12434777/,,,
284,NC-37047200-expansion-202508-wake-county-public-school-syst,https://abc11.com/post/wake-county-public-school-systems-is-opening-new-schools-tremendous-growth-southern/17394214/,,,
285,NC-37047200-expansion-202708-wake-county-public-school-syst,https://www.wcpss.net/about-us/school-facilities/design-and-construction/morrisville-projects-updates,,,
286,NC-37029700-bond-202311-charlotte-mecklenburg-schools,https://www.wfae.org/education/2023-10-31/heres-everything-you-need-to-know-about-the-2-5-billion-cms-bond-vote-on-nov-7,,,
287,NC-37029700-renovation-202508-charlotte-mecklenburg-schools,https://www.wfae.org/education/2024-05-29/cms-gives-construction-schedules-for-12-school-bond-projects,,,
288,NC-37029700-renovation-202708-charlotte-mecklenburg-schools,https://www.lakenormanpublications.com/articles/north-mecklenburg-cms-bond-projects-move-forward-with-3-in-design-phase/,,,
289,NC-37029700-expansion-202808-charlotte-mecklenburg-schools,https://www.wfae.org/education/2023-01-20/big-cms-bond-big-changes-whats-planned-for-your-school,,,
290,VA-51012600-bond-202311-fairfax-county-public-schools,https://www.fcps.edu/Bond2023,,,
291,VA-51012600-renovation-202408-fairfax-county-public-schools,https://www.fcps.edu/building-our-future-capital-project-status,,,
292,VA-51012600-expansion-202601-fairfax-county-public-schools,https://www.ffxnow.com/2026/01/13/fcps-anticipates-construction-on-three-new-schools-in-proposed-capital-plan/,,,
293,VA-51022500-expansion-202508-prince-william-county-public-s,https://www.pwcs.edu/news/2024/01/proposedcip25-30,,,
294,VA-51022500-closure-202602-prince-william-county-public-s,https://northernvirginiamag.com/family/education/2026/02/06/prince-william-county-cancels-plans-for-new-high-school/,,,
295,MD-24004800-renovation-202510-montgomery-county-public-schoo,https://mocoshow.com/2025/10/14/mcps-presentation-hard-truths-about-our-school-buildings-outlines-major-overhaul-of-school-facilities-plan/,,,
296,MD-24004800-bond-202511-montgomery-county-public-schoo,https://mocoshow.com/2025/11/20/mcps-board-of-education-advances-major-capital-recommendation-to-modernize-schools-and-address-long-standing-facility-needs/,,,
297,MD-24004800-expansion-202708-montgomery-county-public-schoo,https://bethesdamagazine.com/2026/02/04/taylor-boundary-program-recommendation/,,,
298,MD-24004800-closure-202512-montgomery-county-public-schoo,https://wjla.com/news/local/silver-spring-international-montgomery-county-boundary-study-education-new-action-proposed-closure-middle-school-holding-facility-construction-renovated-enrollment-students-programs-blair-high,,,
299,MD-24005100-bond-202309-prince-georges-county-public-s,https://www.bondbuyer.com/news/prince-georges-county-md-school-p3-brings-660m-of-sustainable-taxable-deal,,,
300,MD-24001200-closure-202201-baltimore-city-public-schools,https://www.baltimoresun.com/2022/01/26/baltimore-city-school-board-votes-to-permanently-close-3-schools-in-summer-2023-citing-low-enrollment-building-conditions/,,,
301,MD-24001200-renovation-202210-baltimore-city-public-schools,https://www.wypr.org/wypr-news/2022-10-13/baltimore-city-schools-tackling-lack-of-a-c-and-heat-investing-400m-in-oldest-buildings,,,
302,MD-24000900-renovation-202306-baltimore-county-public-school,https://www.baltimorecountymd.gov/county-news/2023/06/12/olszewski-announces-80-million-in-state-grant-funds-to-accelerate-key-school-construction-projects,,,
303,MD-24000900-closure-202503-baltimore-county-public-school,https://www.cbsnews.com/baltimore/news/maryland-campfield-early-learning-center-education-students-staff-redistricting/,,,
304,GA-13025500-bond-202011-gwinnett-county-public-schools,https://gcps-foundation.org/recent-news/gwinnett-voters-approve-350-million-general-obligation-bond-referendum-for-gwinnett-school-system/,,,
305,GA-13025500-expansion-202208-gwinnett-county-public-schools,https://www.gwinnettdailypost.com/local/gwinnett-county-schools-planning-to-show-off-several-facilities-expansions-renovations-this-fall/article_4d69cc1a-0d7f-11ed-b2bd-2f820c84e613.html,,,
306,GA-13025500-renovation-202508-gwinnett-county-public-schools,https://www.gcpsk12.org/get-connected/district-news-and-communication/gcps-essentials/spring-2025-essentials/e-splost-spring-2025,,,
307,GA-13012900-renovation-202501-cobb-county-school-district,https://www.cobbk12.org/_ci/p/108602,,,
308,GA-13017400-redistricting-202201-dekalb-county-school-district,https://www.ajc.com/education/dekalb-schools-considers-redistricting-program-changes/5XMGRLJCWJB3HLUMFATVRNDWY4/,,,
309,GA-13017400-redistricting-202502-dekalb-county-school-district,https://www.dekalbschoolsga.org/operations/planning/redistricting/,,,
310,GA-13022800-closure-202502-fulton-county-schools,https://www.wabe.org/fulton-county-board-of-education-to-vote-on-possible-closure-of-two-elementary-schools/,,,
311,CO-08033600-closure-202211-denver-public-schools,https://denverite.com/2022/11/10/denver-public-schools-closure-consolidation-unification-update/,,,
312,CO-08033600-closure-202411-denver-public-schools,https://www.chalkbeat.org/colorado/2024/11/22/denver-school-closures-board-votes-to-shutter-or-shrink-10-schools/,,,
313,CO-08033600-renovation-202504-denver-public-schools,https://www.chalkbeat.org/colorado/2025/04/02/how-denver-will-repurpose-closing-school-buildings/,,,
314,CO-08034500-bond-202411-douglas-county-school-district,https://www.coloradopolitics.com/colorado-politics/douglas-county-school-bond-results/article_d683ad1f-7096-57d9-a42e-8f8485615174.html,,,
315,KY-21029900-closure-202211-jefferson-county-public-school,https://www.denverpost.com/2022/11/10/jeffco-elementary-school-closures-approved/,,,
316,KY-21029900-closure-202310-jefferson-county-public-school,https://www.chalkbeat.org/colorado/2023/10/12/23915246/jeffco-k8-school-closing-board-vote-coal-creek-arvada-parents/,,,
317,KY-21029900-closure-202502-jefferson-county-public-school,https://www.chalkbeat.org/colorado/2025/02/06/jefferson-jr-sr-jeffco-school-district-draft-plan-to-address-declining-enrollment/,,,
318,NV-32000600-bond-202106-clark-county-school-district,https://www.reviewjournal.com/local/education/school-board-gives-final-ok-for-3-5b-in-facility-projects-2488839/,,,
319,NV-32000600-closure-202504-clark-county-school-district,https://www.fox5vegas.com/2025/04/25/ccsd-trustees-vote-pause-construction-new-schools/,,,
320,US-000000-expansion-202501-nevada-state-public-charter-sc,https://charterschools.nv.gov/,,,
321,US-000000-bond-202506-nevada-state-public-charter-sc,https://nevadapoliticaljournal.com/stories/education2025,,,
322,TX-4828350-expansion-202308-two-new-schools-2023,https://www.friscoisd.org/news/article/2023/08/08/frisco-isd-opens-two-new-schools-for-the-2023-24-school-year,,,
323,TX-4828350-expansion-202308-two-new-schools-2023,https://communityimpact.com/dallas-fort-worth/frisco/education/2022/10/17/frisco-isd-plans-for-2023-24-shift-in-attendance-zones-ahead-of-new-school-openings/,,,
324,TX-4828350-intervention-202411-vatre-rejected-open-enrollment,https://communityimpact.com/dallas-fort-worth/frisco/education/2024/11/19/frisco-isd-to-open-enrollment-for-area-students-in-2025-26-school-year/,,,
325,TX-4828350-intervention-202411-vatre-rejected-open-enrollment,https://www.nbcdfw.com/news/local/frisco-isd-opens-enrollment/3702482/,,,
326,TX-4827060-bond-202305-698-million-bond,https://www.leanderisd.org/bond2023_overview/,,,
327,TX-4827060-bond-202305-698-million-bond,https://www.leanderisd.org/bond2023_results/,,,
328,TX-4827060-expansion-202408-hisle-elementary,https://www.leanderisd.org/bond_elementaryschool30/,,,
329,TX-4827060-expansion-202408-hisle-elementary,https://news.leanderisd.org/board-briefs-feb-1-2024/,,,
330,TX-4812150-expansion-202308-three-new-schools,https://www.yourconroenews.com/neighborhood/moco/news/article/conroe-isd-new-schools-opening-overcrowding-18175280.php,,,
331,TX-4812150-expansion-202308-three-new-schools,https://hellowoodlands.com/conroe-isd-names-3-new-schools/,,,
332,TX-4812150-bond-202311-1-8-billion-bond,https://www.houstonchronicle.com/neighborhood/conroe/article/conroe-isd-new-schools-growth-2023-bond-18677985.php,,,
333,TX-4812150-bond-202311-1-8-billion-bond,https://communityimpact.com/houston/conroe-montgomery/education/2025/04/17/conroe-isd-asks-public-to-submit-names-for-new-schools-opening-2026-27/,,,
334,TX-4843590-bond-202411-932-million-bond,https://www.kvue.com/article/news/education/schools/round-rock-isd-932-million-school-upgrades-reject-athletics-upgrades/269-c5601b0b-0fd8-4301-98cb-1c52337823d6,,,
335,TX-4843590-bond-202411-932-million-bond,https://www.kut.org/education/2024-11-06/round-rock-isd-bond-package-election-results-prop-a-b-c-d-austin-tx,,,
336,FL-1200270-expansion-202408-two-k8-schools,https://www.news4jax.com/news/local/2024/11/15/st-johns-county-plans-to-build-three-more-schools-to-keep-up-with-massive-growth/,,,
337,FL-1200270-expansion-202408-two-k8-schools,https://jaxtoday.org/2023/10/26/st-johns-county-is-building-schools-as-fast-as-it-can/,,,
338,FL-1200180-expansion-202308-spring-park-elementary,https://jaxtoday.org/2023/07/19/clay-county-opens-a-new-school-spring-park-elementary/,,,
339,FL-1200180-expansion-202308-spring-park-elementary,https://www.news4jax.com/news/local/2023/07/19/spring-park-elementary-opens-in-green-cove-springs-ahead-of-new-school-year/,,,
340,FL-1200390-expansion-202408-new-k8-lakewood-ranch,https://www.mysuncoast.com/2024/02/07/construction-set-begin-new-manatee-county-school/,,,
341,FL-1200390-expansion-202408-new-k8-lakewood-ranch,https://www.asumag.com/planning-design/new-construction/article/55142069/manatee-county-florida-district-plans-to-build-5-schools,,,
342,GA-1301590-expansion-202305-new-cherokee-hs,https://cherokeehighnews.com/2024/05/13/new-cherokee-high-school/,,,
343,GA-1301590-expansion-202305-new-cherokee-hs,https://www.cherokeek12.net/post-detail/~board/ccsd-comms/post/board-business-briefs-school-board-reviews-budget-approves-construction-of-new-cherokee-hs,,,
344,NC-3702100-bond-202411-120-million-bond,https://www.friendsofjcps.com/,,,
345,NC-3702100-bond-202411-120-million-bond,https://jocoreport.com/novembers-county-bond-referendum-150-million/,,,
346,NC-3704590-bond-202411-union-county-bond,https://ucps.k12.nc.us/bond2024,,,
347,NC-3704590-bond-202411-union-county-bond,https://www.wcnc.com/article/news/education/union-county-public-schools-information-sessions-school-construction-bond/275-7626b194-1636-4e26-84f7-8f11b7c71b87,,,
348,AZ-0400390-bond-202311-bond-rejected,https://azbex.com/budgets-funding/record-setting-year-at-the-ballot-for-bonds-across-arizona/,,,
349,AZ-0400390-bond-202311-bond-rejected,https://www.12news.com/article/news/education/mixed-results-valley-school-bonds-and-overrides-chandler-higley-queen-creek-deer-valley/75-52af04e2-2ccf-4606-83c5-a15daa2d8191,,,
350,AZ-0400690-bond-202411-chandler-bond-rejected,"https://ballotpedia.org/Chandler_Unified_School_District,_Arizona,_Question,_School_Infrastructure_Improvements_Bond_Measure_(November_2024)",,,
351,AZ-0400690-bond-202411-chandler-bond-rejected,"https://www.yourvalley.net/chandler-independent/stories/the-bond-is-broken-voters-demand-a-right-sizing-of-chandler-unified,548586",,,
352,UT-4900390-bond-202211-475-million-bond,https://www.dsdbond.org/,,,
353,UT-4900390-bond-202211-475-million-bond,https://www.ksl.com/article/50510236/heres-what-davis-school-district-plans-for-475-million-bond-if-approved,,,
354,ID-1600870-expansion-202408-new-star-elementary,https://www.idahoednews.org/top-news/west-ada-breaks-ground-on-new-elementary-mayor-calls-it-critical-infrastructure/,,,
355,ID-1600870-expansion-202408-new-star-elementary,https://www.ktvb.com/article/news/local/idaho-press/west-ada-outlines-need-8-additional-school/277-669394a5-6bf9-4bb9-9070-aefd5ab71f36,,,
356,NY-3626070-closure-202310-11-schools-closed,https://spectrumlocalnews.com/nys/rochester/news/2023/10/20/rcsd-board-of-education-votes-to-close-11-schools,,,
357,NY-3626070-closure-202310-11-schools-closed,https://www.propublica.org/article/school-closures-students-charter-schools-home-schooling-rochester,,,
358,NY-3626070-closure-202310-11-schools-closed,https://www.wxxinews.org/local-news/2023-09-13/rcsd-considers-shuttering-five-buildings-in-revamp-affecting-more-than-a-dozen-schools,,,
359,OH-3904378-closure-202512-29-schools-consolidation,https://www.k12dive.com/news/cleveland-metropolitan-school-district-to-close-or-merge-29-schools-by-2026/807943/,,,
360,OH-3904378-closure-202512-29-schools-consolidation,https://fox8.com/news/cleveland-metropolitan-school-district-board-unanimously-approves-consolidation-plan/,,,
361,OH-3904378-closure-202512-29-schools-consolidation,https://www.ideastream.org/education/2025-04-28/cleveland-says-it-needs-to-close-schools-here-are-4-takeaways,,,
362,OH-3904557-closure-202401-akron-right-sizing,https://www.wkyc.com/article/news/local/akron/akron-public-schools-approves-redistricting-plan-closures-student-transfers/95-780bea64-8aff-488b-877a-4328cc1a08a3,,,
363,OH-3904557-closure-202401-akron-right-sizing,https://www.ideastream.org/education/2023-12-11/akron-schools-to-right-size-district-due-to-declining-population-closing-facilities,,,
364,OH-3904557-closure-202412-cps-restructuring,https://www.wcpo.com/news/local-news/cincinnati-public-school-board-passes-majority-of-restructuring-affecting-thousands-of-students,,,
365,OH-3904557-closure-202412-cps-restructuring,https://www.wvxu.org/education/2024-10-28/cincinnati-school-board-district-restructuring-plan-phase-2,,,
366,OH-3904557-closure-202412-cps-restructuring,https://local12.com/news/local/cincinnati-public-schools-district-vote-board-meeting-merger-closing-shutting-down-frederick-douglass-elementary-walnut-hills-merging-evanston-academy-history-historic-landmark-kids-students-transportation-ohio,,,
367,MO-2923580-closure-202507-37-school-closure-plan,https://www.ksdk.com/article/news/education/updated-master-plan-suggests-closing-37-st-louis-public-schools-2026-school-year/63-b11d4327-9aa0-4f77-9bc7-fe95c88e1dfa,,,
368,MO-2923580-closure-202507-37-school-closure-plan,https://www.stlpr.org/news-briefs/2025-07-21/report-proposes-closing-over-half-st-louis-public-schools-population-decline,,,
369,MO-2923580-closure-202507-37-school-closure-plan,https://www.stlamerican.com/news/local-news/slps-may-close-38-schools/,,,
370,MI-2612000-closure-202310-four-buildings-phased,https://flintbeat.com/flint-schools-to-close-four-buildings-starting-with-pierce-elementary/,,,
371,MI-2612000-closure-202310-four-buildings-phased,https://www.eastvillagemagazine.org/2023/10/20/pierce-school-to-close-in-2024-25-neithercut-in-2025-26-as-flint-school-board-moves-toward-right-sizing/,,,
372,MI-2613710-closure-202312-10-buildings-reimagine,https://www.schoolnewsnetwork.org/2023/12/19/grps-board-approves-school-closures/,,,
373,MI-2613710-closure-202312-10-buildings-reimagine,https://www.crainsgrandrapids.com/news/real-estate/10-grand-rapids-school-closings-create-redevelopment-opportunities/,,,
374,MI-2613710-closure-202312-10-buildings-reimagine,https://www.fox17online.com/news/local-news/grps-announces-timeline-for-future-of-closed-elementary-schools,,,
375,RI-4400780-closure-202402-360-high-school,https://turnto10.com/news/crisis-in-the-classroom/360-high-school-closing-end-of-school-year-merging-with-juanita-sanchez-high-providence-district-merger-protest-enrollment-february-7-2024,,,
376,RI-4400780-closure-202402-360-high-school,https://rhodeislandcurrent.com/2024/03/26/whose-school-is-it-anyway-pending-360-high-school-closure-leaves-community-waiting-for-answers/,,,
377,RI-4400780-closure-202402-360-high-school,https://www.asumag.com/facilities-management/article/55020769/lawsuit-aims-to-block-closure-of-high-school-in-providence-rhode-island,,,
378,VA-5101350-closure-202301-five-school-closure-proposal,https://www.12onyourside.com/2023/01/30/richmond-school-board-member-proposes-closing-five-schools-over-budget-concerns/,,,
379,VA-5101350-closure-202301-five-school-closure-proposal,https://www.12onyourside.com/2023/02/02/proposal-close-five-richmond-schools-over-budget-concerns-fails/,,,
380,VA-5101410-closure-202411-norfolk-10-schools,https://www.13newsnow.com/article/news/local/mycity/norfolk/norfolk-schools-face-closures-and-rebuilds-as-board-approves-plan/291-ce02f1a7-619f-493a-abdd-79e39512c639,,,
381,VA-5101410-closure-202411-norfolk-10-schools,https://www.pilotonline.com/2024/11/22/norfolk-school-closure-committee/,,,
382,VA-5101410-closure-202411-norfolk-10-schools,https://virginiamercury.com/2025/04/02/norfolk-school-board-faces-deadline-to-create-action-plan-for-closing-consolidating-10-schools/,,,
383,VT-0000000-merger-202007-act46-supreme-court,https://vtdigger.org/2020/07/10/vermont-supreme-court-upholds-act-46-mandated-district-mergers/,,,
384,VT-0000000-merger-202007-act46-supreme-court,https://www.wcax.com/2020/10/21/is-vermont-act-46-school-merger-law-working/,,,
385,VT-0000000-merger-202007-act46-supreme-court,https://education.vermont.gov/vermont-schools/school-governance/merger-activity,,,
386,KS-2003090-closure-202405-healy-dissolution,https://kansasreflector.com/2024/05/24/kansas-smallest-school-district-prepares-to-close-in-warning-sign-for-rural-communities/,,,
387,KS-2003090-closure-202405-healy-dissolution,https://kansasreflector.com/2023/07/14/after-school-shutdown-rural-kansas-community-tries-to-divorce-district/,,,
388,KS-2000720-closure-202308-usd112-disorganization,https://kansasreflector.com/2023/07/14/after-school-shutdown-rural-kansas-community-tries-to-divorce-district/,,,
389,KS-2000720-closure-202308-usd112-disorganization,https://nrea.net/how-to-destroy-public-education-and-rural-communities-at-the-same-time/,,,
390,SD-4600000-merger-202205-oldham-ramona-rutland,https://dakotafreepress.com/2022/05/12/oldham-ramona-and-rutland-to-consolidate-school-districts-in-2023/,,,
391,WV-5400000-closure-202412-statewide-school-closures,https://www.wtap.com/2024/12/11/west-virginia-board-education-approves-school-closures-consolidations/,,,
392,WV-5400000-closure-202412-statewide-school-closures,https://wvpolicy.org/tracking-public-school-closures-in-wv/,,,
393,WV-5400000-closure-202412-statewide-school-closures,https://pv4ps.org/west-virginia-is-closing-its-public-schools-your-state-may-be-next/,,,
394,MS-2801980-closure-202312-jackson-13-schools,https://www.asumag.com/facilities-management/article/21279723/jackson-mississippi-district-is-closing-13-schools,,,
395,MS-2801980-closure-202312-jackson-13-schools,https://www.mississippifreepress.org/jackson-public-school-board-of-trustees-votes-to-close-or-consolidate-13-schools/,,,
396,MS-2801980-closure-202312-jackson-13-schools,https://www.the74million.org/article/jackson-public-schools-board-votes-to-close-13-school-buildings/,,,
397,AZ-0406270-bond-202311-tusd-480-million,https://tucson.com/news/local/article_fec2410c-7ce8-11ee-9e36-cbd1bdd133f6.html,,,
398,AZ-0406270-bond-202311-tusd-480-million,https://tucson.com/news/local/education/k-12-education-tusd-tucson-unified-school-district-election-2023/article_08b896f4-0bcc-11ee-8c21-936e729837ad.html,,,
399,AZ-0406270-bond-202311-tusd-480-million,https://bond2023.tusd1.org/,,,
400,TX-4815010-closure-202411-episd-8-schools,https://kvia.com/news/education/2024/11/20/episd-votes-to-close-8-elementary-schools-amid-financial-crisis/,,,
401,TX-4815010-closure-202411-episd-8-schools,https://elpasomatters.org/2024/11/19/episd-school-closures-vote/,,,
402,TX-4815010-closure-202411-episd-8-schools,https://elpasomatters.org/2024/10/21/episd-closures-what-school-will-my-child-attend-busing/,,,
403,KS-2026190-closure-202403-wichita-6-schools,https://thebeaconnews.org/stories/2024/02/13/6-usd-259-school-closings-2024/,,,
404,KS-2026190-closure-202403-wichita-6-schools,https://www.kwch.com/2024/03/04/wichita-school-board-votes-close-6-schools-district/,,,
405,KS-2026190-closure-202403-wichita-6-schools,https://www.asumag.com/facilities-management/article/55136633/wichita-kansas-approves-facilities-plan-that-calls-for-closing-and-consolidating-many-schools,,,
406,OK-4073590-intervention-202311-state-urges-closures,https://tulsaworld.com/news/local/education/tulsa-schools-ryan-walters/article_55857fa0-8d64-11ee-aa54-f340eac10995.html,,,
407,OK-4073590-intervention-202311-state-urges-closures,https://www.publicradiotulsa.org/local-regional/2023-12-01/state-board-urges-tulsa-to-close-low-performing-schools-alleges-excuses-from-school-financial-team,,,
408,NE-3100990-expansion-202308-bluestem-middle,https://omaha.com/news/local/education/check-out-five-new-schools-opening-in-ops-in-2022-and-2023/article_98a70de6-6cc1-11ec-900c-afabed04239d.html,,,
409,NE-3100990-expansion-202308-bluestem-middle,https://www.ops.org/bond,,,
410,IA-1900000-closure-202410-des-moines-reimagining,https://www.weareiowa.com/article/news/education/dmps-state-of-the-schools-closures-elementary-middle-map-district/524-1233a020-4a11-4314-9230-15491313a387,,,
411,IA-1900000-closure-202410-des-moines-reimagining,https://www.kcci.com/article/fewer-schools-to-close-under-revised-des-moines-education-proposal/65356925,,,
412,IA-1900000-closure-202410-des-moines-reimagining,https://who13.com/news/dmps-strategic-plan-includes-school-closures-expanded-pre-k-and-signature-schools/,,,
413,AR-0501230-closure-202405-three-schools-closed,https://www.thv11.com/article/news/local/little-rock-school-district-closing-consolidating-schools/91-0f115e44-b9c7-468d-97a3-ab0f5b152d01,,,
414,AR-0501230-closure-202405-three-schools-closed,https://www.arkansasonline.com/news/2024/may/27/3-lr-schools-finish-their-last-year/,,,
415,AR-0501230-closure-202405-three-schools-closed,https://www.ualrpublicradio.org/local-regional-news/2024-12-19/little-rock-school-board-votes-to-consolidate-more-elementary-schools,,,
416,AR-0501230-closure-202412-additional-consolidations,https://www.ualrpublicradio.org/local-regional-news/2024-12-19/little-rock-school-board-votes-to-consolidate-more-elementary-schools,,,
417,AR-0501230-closure-202412-additional-consolidations,https://arktimes.com/arkansas-blog/2024/12/20/little-rock-school-board-approves-more-elementary-school-consolidations,,,
418,SC-4501920-bond-202309-170-million-bonds,https://www.munichain.com/news/south-carolina-school-district-sells-170-mln-in-bonds,,,
419,CT-0900000-closure-202300-statewide-closures,https://ctmirror.org/2024/01/07/ct-school-districts-k-12-enrollment/,,,
420,CT-0900000-closure-202300-statewide-closures,https://www.asumag.com/facilities-management/article/20855966/10-school-buildings-would-close-in-hartford-conn-consolidation-plan,,,
421,TX-48236400-intervention-202306-tea-state-takeover,https://en.wikipedia.org/wiki/Houston_Independent_School_District_takeover,,,
422,TX-48236400-intervention-202308-new-education-system-nes-phase,https://www.chron.com/news/houston-texas/education/article/hisd-nes-schools-new-changes-18193178.php,,,
423,TX-48236400-intervention-202408-nes-expansion-phase-2,https://www.houstonchronicle.com/news/houston-texas/education/article/hisd-new-education-system-schools-19588842.php,,,
424,TX-48236400-bond-202411-44-billion-bond-rejected,https://www.khou.com/article/news/education/hisd-concedes-defeat-in-44-billion-bond-proposal/285-31f90a58-2dc4-452b-9d3d-4ba3ec99d992,,,
425,TX-48236400-closure-202508-school-closures-proposed-then,https://www.houstonchronicle.com/news/houston-texas/education/hisd/article/potential-school-closures-convocation-20805198.php,,,
426,TX-48236400-intervention-202506-tea-takeover-extended-to-2027,https://www.khou.com/article/news/education/houston-isd-takeover-tea-extension-2027/285-cb9ac1c5-97c0-4cbb-b4cb-86b6bdf7f0ae,,,
427,TX-48236400-renovation-2025-100m-infrastructure-spending-f,https://www.houstonchronicle.com/news/houston-texas/education/hisd/article/2025-year-preview-20392091.php,,,
428,TX-48162300-bond-202011-347-billion-bond-approved,https://thehub.dallasisd.org/2020/11/04/voters-approve-two-dallas-isd-bond-propositions-totaling-nearly-3-5-billion-to-fund-infrastructure-and-technology-improvements/,,,
429,TX-48162300-expansion-2024-geneva-heights-elementary-repl,https://thehub.dallasisd.org/2022/04/22/bond-2020-building-big-bold-innovative-generational-the-new-geneva-heights-elementary/,,,
430,TX-48162300-expansion-202401-three-new-schools-opened,https://thehub.dallasisd.org/2025/01/28/dallas-isd-celebrates-the-opening-of-three-new-schools/,,,
431,TX-48162300-expansion-202411-john-quincy-adams-and-george-p,https://bond.dallasisd.org/,,,
432,TX-48162300-expansion-2024-john-lewis-social-justice-acad,https://www.wfaa.com/article/news/local/southern-dallas/dallas-isd-to-build-new-school-campus-in-southern-dallas/287-7a27d719-1896-42c3-b2f9-3d630de9e920,,,
433,TX-48162300-bond-2025-proposed-62-billion-bond-for-2,https://dallasfreepress.com/west-dallas/dallas-isd-eyeing-6-2-billion-bond-for-renovations-26-new-replacement-campuses/,,,
434,TX-48162300-redistricting-2022-board-redistricting-trustee-di,https://www.dallasisd.org/board-of-trustees/redistricting-essentials/redistricting-essentials,,,
435,TX-48197000-bond-202111-12-billion-bond-narrowly-appro,https://www.nbcdfw.com/news/local/voters-narrowly-approve-1-2b-fort-worth-isd-bond-3-other-proposals-fail/2800440/,,,
436,TX-48197000-closure-202403-forest-oak-sixth-grade-closed,https://www.keranews.org/education/2024-12-27/fort-worth-isd-announced-school-closures-relocations-in-2024-heres-where-those-stand,,,
437,TX-48197000-closure-2024-wedgwood-sixth-grade-closed,https://www.fox4news.com/news/fort-worth-isd-wedgewood-middle-consolidation,,,
438,TX-48197000-closure-2024-ss-dillow-and-eastern-hills-el,https://www.wfaa.com/article/news/local/fort-worth-isd-to-close-two-campuses-after-school-year-as-part-of-district-wide-consolidation-and-closure-plan/287-ad8e60c8-cada-46ac-84ef-a4d869258014,,,
439,TX-48197000-closure-202408-mclean-6th-grade-and-west-hand,https://www.keranews.org/education/2024-12-27/fort-worth-isd-announced-school-closures-relocations-in-2024-heres-where-those-stand,,,
440,TX-48197000-closure-202505-18-campus-five-year-closure-pl,https://www.fox4news.com/news/fort-worth-isd-school-closures-list,,,
441,TX-48197000-closure-202512-western-hills-primary-closure,https://www.cbsnews.com/texas/news/fort-worth-isd-closure-western-hills-primary/,,,
442,TX-48197000-renovation-202311-bond-funded-middle-school-reno,https://fortworthreport.org/2023/11/09/fort-worth-isd-moves-forward-on-7-projects-from-2021-bond/,,,
443,TX-48002111-bond-201905-176-billion-bond-approved-2019,https://www.chron.com/neighborhood/cyfair/news/article/Cy-Fair-residents-say-yes-to-1-76-billion-bond-13819927.php,,,
444,TX-48002111-expansion-202008-rowe-middle-school-opened,https://www.cfisd.net/bond,,,
445,TX-48002111-renovation-202108-fiest-elementary-renovated,https://www.cfisd.net/bond,,,
446,TX-48002111-expansion-202308-dr-carla-brosnahan-elementary,https://communityimpact.com/houston/cy-fair/education/2023/01/17/several-cy-fair-isd-bond-projects-to-open-in-2023/,,,
447,TX-48002111-expansion-202308-roy-j-sprague-jr-middle-school,https://communityimpact.com/houston/cy-fair/education/2023/01/17/several-cy-fair-isd-bond-projects-to-open-in-2023/,,,
448,TX-48002111-expansion-202408-elementary-school-59-miramesa,https://www.houstonchronicle.com/projects/2022/cfisd-bond-projects/,,,
449,TX-48002111-redistricting-202301-major-redistricting-affecting,https://communityimpact.com/houston/cy-fair/education/2023/01/13/cy-fair-isd-board-approves-attendance-boundary-changes-for-2023-24/,,,
450,TX-48002111-expansion-2023-new-administration-building-an,https://www.houstonchronicle.com/neighborhood/cyfair/article/cy-fair-isd-first-day-of-school-2023-2024-18338100.php,,,
451,TX-48251701-expansion-2021-kallison-ranch-area-middle-sch,https://news4sanantonio.com/news/local/northside-isd,,,
452,TX-48251701-expansion-2021-village-at-westpointe-north-el,https://news4sanantonio.com/news/local/northside-isd,,,
453,TX-48251701-expansion-202208-sonia-m-sotomayor-high-school,https://www.nisd.net/sotomayor,,,
454,TX-48251701-bond-202205-992-million-bond-approved,https://communityimpact.com/san-antonio/north-san-antonio/education/2022/01/26/northside-isd-voters-in-san-antonio-to-mull-992-million-bond-proposal-in-may/,,,
455,TX-48251701-expansion-2023-fm-471-north-area-elementary-4,https://www.nisd.net/community/bond,,,
456,TX-48251701-expansion-202411-chumbley-elementary-opened-bou,https://www.nisd.net/galm/announcements/2023/approved-boundary-chumbley-es-affecting-cole-es-and-galm-es-effective-2024,,,
457,TX-48251701-renovation-202312-colonies-north-elementary-reno,https://communityimpact.com/san-antonio/north-san-antonio/education/2023/12/19/northside-isd-board-approves-colonies-north-school-renovation-design/,,,
458,TX-48251701-redistricting-202209-school-board-redistricting,https://communityimpact.com/san-antonio/north-san-antonio/education/2022/09/28/northside-isd-approves-redistricting-plan/,,,
459,TX-48331200-bond-202305-126-billion-bond-approved,https://www.houstonchronicle.com/neighborhood/fort-bend/article/here-bond-election-results-houston-s-suburbs-18074775.php,,,
460,TX-48331200-bond-202402-bond-program-165-million-short,https://communityimpact.com/houston/sugar-land-missouri-city/education/2024/10/22/fort-bend-isd-eliminates-defers-2023-bond-projects-to-address-shortfall/,,,
461,TX-48331200-expansion-202607-amy-coleman-middle-school-cons,https://www.corgan.com/projects/amy-coleman-middle-school-fort-bend-isd,,,
462,TX-48331200-closure-202503-proposed-closure-of-7-elementa,https://www.houstonpublicmedia.org/articles/news/fort-bend/2025/12/16/538805/fort-bend-isd-to-consider-closures-of-seven-elementary-schools/,,,
463,TX-48331200-expansion-2025-new-campuses-opened-2025-bond,https://communityimpact.com/houston/sugar-land-missouri-city/education/2025/08/11/first-look-at-fort-bend-isds-newest-campuses-opening-this-fall/,,,
464,TX-48089400-bond-202211-244-billion-bond-approved,https://www.kut.org/2022-11-08/aisd-bonds-and-school-board-election-2022,,,
465,TX-48089400-renovation-202312-odom-elementary-renovation-kic,https://communityimpact.com/austin/south-central-austin/education/2024/01/08/austin-isd-to-begin-renovations-at-schools-across-district-funded-by-2022-bond/,,,
466,TX-48089400-renovation-2024-wooten-elementary-full-moderni,https://cbsaustin.com/news/local/austin-isd-unveils-the-first-school-modernization-from-24-billion-bond-package,,,
467,TX-48089400-closure-202511-10-school-closures-approved-co,https://www.kut.org/education/2025-11-21/austin-isd-board-vote-schools-closing-tx-dual-language-programs,,,
468,TX-48089400-closure-2025-international-high-school-clos,https://www.kut.org/education/2025-11-21/austin-isd-board-vote-schools-closing-tx-dual-language-programs,,,
469,TX-48089400-redistricting-2026-future-boundary-changes-and-ad,https://www.kxan.com/news/education/answering-questions-about-austin-isd-school-closures-plan/,,,
470,TN-47001480-closure-202406-memphis-shelby-county-schools,https://www.chalkbeat.org/tennessee/2025/09/24/memphis-leaders-eye-four-schools-for-closure/,,,
471,TN-47001480-closure-202406-memphis-shelby-county-schools-2,https://www.chalkbeat.org/tennessee/2023/7/17/23797481/memphis-shelby-county-schools-tennessee-achievement-school-district-new-charters-turnaround/,,,
472,TN-47001480-closure-202509-memphis-shelby-county-schools,https://www.chalkbeat.org/tennessee/2025/09/24/memphis-leaders-eye-four-schools-for-closure/,,,
473,TN-47001480-closure-202512-memphis-shelby-county-schools,https://www.chalkbeat.org/tennessee/2025/12/18/memphis-school-closure-superintendent-richmond-recommends-15-by-2028/,,,
474,TN-47001480-expansion-202405-memphis-shelby-county-schools,https://www.chalkbeat.org/tennessee/2024/05/02/memphis-shelby-county-schools-building-capital-funding-request-frayser/,,,
475,TN-47031800-closure-202005-metro-nashville-public-schools,https://tennesseelookout.com/2020/05/19/school-board-votes-to-close-north-nashville-schools-under-consolidation-plan/,,,
476,TN-47031800-expansion-202508-metro-nashville-public-schools,https://www.mnps.org/about/news/news-details/~board/mnps-homepage-news/post/beautiful-and-sustainable-mnps-opens-new-percy-priest-elementary,,,
477,TN-47031800-redistricting-202510-metro-nashville-public-schools,https://www.wsmv.com/2024/10/21/these-are-proposed-rezoning-changes-some-metro-nashville-schools/,,,
478,OH-39043780-closure-202412-columbus-city-schools,https://www.wosu.org/news/2024-12-17/columbus-city-schools-votes-to-close-5-school-buildings-districts-downtown-administration-building,,,
479,OH-39043780-closure-202506-columbus-city-schools,https://www.10tv.com/article/news/local/columbus-city-schools-board-votes-50-million-budget-cuts/530-9fbeed5f-ea5b-435d-9091-c0982ce0c146,,,
480,WI-55096000-facilities_plan-202410-milwaukee-public-schools,https://www.wisn.com/article/milwaukee-public-schools-names-schools-to-consider-for-closure/62720137,,,
481,WI-55096000-bond-202404-milwaukee-public-schools,https://urbanmilwaukee.com/2024/10/05/mps-considers-closing-merging-schools/,,,
482,IN-18047700-closure-202306-indianapolis-public-schools,https://www.wfyi.org/news/articles/its-time-to-say-goodbye-at-these-6-ips-schools-slated-to-close,,,
483,IN-18047700-expansion-202408-indianapolis-public-schools,https://mirrorindy.org/indianapolis-public-schools-broad-ripple-high-rebuilding-stronger-2024/,,,
484,IN-18047700-legislative_threat-202501-indianapolis-public-schools,https://mirrorindy.org/legislation-would-dissolve-ips-four-other-school-districts/,,,
485,MN-27000250-facilities_plan-202411-minneapolis-public-schools,https://minnesotareformer.com/2025/10/20/minneapolis-school-board-signals-potential-school-closures/,,,
486,MN-000000-closure-202206-st-paul-public-schools,https://www.twincities.com/2021/12/01/board-votes-to-close-six-st-paul-schools-over-two-years-moving-2040-students/,,,
487,MN-000000-closure-202306-st-paul-public-schools,https://www.mprnews.org/story/2021/12/01/st-paul-school-board-approves-plan-that-closes-two-elementary-schools-merges-other-programs,,,
488,MN-000000-budget_crisis-202404-st-paul-public-schools,https://www.wsws.org/en/articles/2024/04/05/evuo-a05.html,,,
489,LA-22008400-closure-202504-east-baton-rouge-parish-school,https://www.wafb.com/2025/04/28/school-board-members-vote-approve-plan-close-consolidate-schools-ebr/,,,
490,LA-22008400-renovation-202505-east-baton-rouge-parish-school,https://www.wafb.com/2025/04/15/ebr-schools-officials-new-release-details-about-proposed-school-realignment/,,,
491,LA-22015600-closure-202308-jefferson-parish-schools,https://www.wdsu.com/article/jefferson-parish-school-board-votes-in-favor-of-consolidating-schools/43524878,,,
492,LA-22015600-expansion-202401-jefferson-parish-schools,https://www.nola.com/news/education/jefferson-parish-wont-close-more-schools-in-2024/article_748beb74-ab45-11ee-9fac-c7877cd3ad55.html,,,
493,LA-000000-closure-202308-nola-public-schools,https://thelensnola.org/2024/12/10/tis-the-season-for-school-closures/,,,
494,LA-000000-enrollment_decline-202410-nola-public-schools,https://lailluminator.com/2025/08/27/schools-katrina/,,,
495,NJ-34126900-expansion-202407-newark-public-schools,https://www.chalkbeat.org/newark/2024/07/16/nj-will-pay-153-million-to-build-new-high-school-demolish-elementary-school/,,,
496,NJ-000000-legislative_action-202409-new-jersey-statewide,https://newjerseymonitor.com/2025/12/04/nj-mandatory-school-merger-bill/,,,
497,NY-000000-expansion-202409-new-york-city-public-schools,https://www.nyc.gov/office-of-the-mayor/news/675-24/mayor-adams-opens-24-new-school-buildings-ahead-2024-2025-school-year,,,
498,NY-000000-merger-202410-new-york-city-public-schools,https://www.chalkbeat.org/newyork/2024/10/25/nyc-quietly-accelerates-mergers-of-small-schools-as-enrollment-drops/,,,
499,NY-000000-closure-202505-new-york-city-public-schools,https://www.chalkbeat.org/newyork/2025/05/01/pep-votes-to-close-ms-394-open-central-brooklyn-literacy-academy/,,,
500,NY-000000-enrollment_decline-202511-new-york-city-public-schools,https://www.chalkbeat.org/newyork/2025/11/03/nyc-schools-held-harmless-avoid-midyear-budget-clawback/,,,
501,US-000000-national_trend-202401-national-multiple-districts,https://www.educationnext.org/school-enrollment-shifts-five-years-after-pandemic-public-education-shrinking-middle-schools/,,,
502,US-000000-national_trend-202408-national-multiple-districts,https://bellwether.org/publications/systems-under-strain/,,,
503,US-000000-national_trend-202401-national-multiple-districts-2,https://youthtoday.org/2024/01/exclusive-data-thousands-of-schools-at-risk-of-closing-due-to-enrollment-loss/,,,
504,CA-000000-bond-202411-california-statewide,https://edsource.org/2024/california-election-result-prop-2/721799,,,
505,MA-25027900-merger-202305-boston-public-schools,https://www.bostonglobe.com/2023/05/24/metro/boston-school-committee-tonight-will-decide-two-controversial-elementary-school-mergers/,,,
506,CA-000000-closure-202408-oakland-unified-school-distric,https://oaklandside.org/2023/02/28/oakland-school-mergers-closures-budget-ousd/,,,
507,CA-000000-facilities_plan-202401-san-francisco-unified-school-d,https://www.sfusd.edu/resource-alignment-initiative/resource-alignment-initiative-frequently-asked-questions-faqs,,,
508,VT-000000-legislative_action-202401-vermont-statewide,https://hechingerreport.org/schools-are-closing-across-rural-america-heres-how-a-battle-over-small-districts-is-playing-out-in-one-state/,,,
509,US-000000-legislative_action-202501-national-10-states,https://www.edweek.org/policy-politics/states-consider-district-consolidations-as-student-enrollment-drops/2025/12,,,
